{
  "train_loss": [
    0.778481241903807,
    0.6144237549681413,
    0.5086547246104792,
    0.42550688197738246,
    0.3647677161191639,
    0.31152994852317006,
    0.26966578866306107,
    0.2382478251268989,
    0.21164401502985702,
    0.1901409869131289,
    0.17081202409769358,
    0.1557843528295818,
    0.14407212640109815,
    0.12937027490452715,
    0.11735145433952934,
    0.10686525976971577,
    0.09988802357723839,
    0.09197788999268883,
    0.08639662320676603,
    0.08172750512236043,
    0.07558538411792956,
    0.06926419311448147,
    0.06568667684730731,
    0.0609025517968755,
    0.058249437691349736,
    0.05175570692670973,
    0.05439574820430655,
    0.05135464276138105,
    0.04822923478327299,
    0.04447146309049506,
    0.04187125810667088,
    0.03986110793132531,
    0.037571205316405544,
    0.03748464133394392,
    0.03424086323694179,
    0.03325826733520156,
    0.030995644334899753,
    0.03025075146242192,
    0.028558052782165378,
    0.02845107273835885,
    0.027538216623820756,
    0.0254115807382684,
    0.024057519573130105,
    0.023612652954302336,
    0.023074672606430556,
    0.02164560664249094,
    0.02077606594876239,
    0.020982281844082632,
    0.02055018738304314,
    0.01882744570703883
  ],
  "train_acc": [
    0.13157894736842105,
    0.8421052631578947,
    1.0,
    1.0,
    1.0,
    1.0,
    1.0,
    1.0,
    1.0,
    1.0,
    1.0,
    1.0,
    1.0,
    1.0,
    1.0,
    1.0,
    1.0,
    1.0,
    1.0,
    1.0,
    1.0,
    1.0,
    1.0,
    1.0,
    1.0,
    1.0,
    1.0,
    1.0,
    1.0,
    1.0,
    1.0,
    1.0,
    1.0,
    1.0,
    1.0,
    1.0,
    1.0,
    1.0,
    1.0,
    1.0,
    1.0,
    1.0,
    1.0,
    1.0,
    1.0,
    1.0,
    1.0,
    1.0,
    1.0,
    1.0
  ],
  "val_loss": [
    0.735845685005188,
    0.6828180551528931,
    0.6166356801986694,
    0.5342100262641907,
    0.4577125608921051,
    0.39703649282455444,
    0.345548152923584,
    0.29751965403556824,
    0.2584177851676941,
    0.224314883351326,
    0.19886529445648193,
    0.17368249595165253,
    0.14560972154140472,
    0.13147270679473877,
    0.12422697246074677,
    0.11411935091018677,
    0.10325475037097931,
    0.0959077700972557,
    0.09348449110984802,
    0.09065452218055725,
    0.08536835759878159,
    0.08146652579307556,
    0.07396553456783295,
    0.06681270152330399,
    0.062430329620838165,
    0.05867741256952286,
    0.055995963513851166,
    0.05590244382619858,
    0.05723314732313156,
    0.05801762267947197,
    0.05756942555308342,
    0.05177060887217522,
    0.04721308872103691,
    0.04567918926477432,
    0.04331149905920029,
    0.040262289345264435,
    0.037620991468429565,
    0.036340851336717606,
    0.03503734990954399,
    0.03309246152639389,
    0.0319545678794384,
    0.030840888619422913,
    0.030031602829694748,
    0.029156047850847244,
    0.026849109679460526,
    0.025603998452425003,
    0.02474941685795784,
    0.023320918902754784,
    0.02327456884086132,
    0.023477958515286446
  ],
  "val_acc": [
    0.0,
    0.7,
    1.0,
    1.0,
    1.0,
    1.0,
    1.0,
    1.0,
    1.0,
    1.0,
    1.0,
    1.0,
    1.0,
    1.0,
    1.0,
    1.0,
    1.0,
    1.0,
    1.0,
    1.0,
    1.0,
    1.0,
    1.0,
    1.0,
    1.0,
    1.0,
    1.0,
    1.0,
    1.0,
    1.0,
    1.0,
    1.0,
    1.0,
    1.0,
    1.0,
    1.0,
    1.0,
    1.0,
    1.0,
    1.0,
    1.0,
    1.0,
    1.0,
    1.0,
    1.0,
    1.0,
    1.0,
    1.0,
    1.0,
    1.0
  ]
}